prueba,t1,t2
backprop,1.492478,1.503932
bfs,0.535564,0.533840
cfd,4.839438,4.841823
gaussian,19.194417,19.188880
heartwall,0.743419,0.741530
hotspot,0.049690,0.049969
lavaMD,30.153421,30.157623
lud,0.149861,0.150635
nn,0.077928,0.078342
nw,0.454856,0.380826
srad/srad_v1,4.371099,4.374924
srad/srad_v2,0.255310,0.249010
streamcluster,4.762662,4.760497
particlefilter,21.919689,21.859221
pathfinder,0.006008,0.003615
dwt2d,0.038260,0.034702