prueba,t1,t2
backprop,1.492942,1.490511
bfs,0.264542,0.265900
cfd,2.435058,2.435169
gaussian,9.603365,9.602090
heartwall,0.449972,0.446129
hotspot,0.028011,0.027725
lavaMD,9.355692,9.353234
lud,0.085058,0.085059
nn,0.032922,0.032797
nw,0.136542,0.133296
srad/srad_v1,2.405820,2.407100
srad/srad_v2,0.404537,0.279212
streamcluster,2.420279,2.419479
particlefilter,10.628939,10.665794
pathfinder,0.005742,0.003765
dwt2d,0.022367,0.018456