prueba,t1,t2
backprop,1.499634,1.499544
bfs,0.137500,0.137710
cfd,1.327776,1.327942
gaussian,4.911860,4.909909
heartwall,0.494146,0.424123
hotspot,0.016409,0.016245
lavaMD,4.610295,4.601731
lud,0.049192,0.049609
nn,0.014715,0.016895
nw,0.090388,0.086010
srad/srad_v1,1.435552,1.435151
srad/srad_v2,0.461558,0.413144
streamcluster,1.295856,1.285996
particlefilter,5.514487,5.499408
pathfinder,0.007419,0.003342
dwt2d,0.016537,0.010498